"","baseMean","log2FoldChange","lfcSE","stat","pvalue","padj"
"ko04724",700.786695653273,1.42250072365449,0.132535075227237,10.7330132888637,7.1234683135845e-27,2.47184350481382e-24
"map04724",700.786695653273,1.42250072365449,0.132535075227237,10.7330132888637,7.1234683135845e-27,2.47184350481382e-24
"ko04727",720.437316399733,1.38554889142957,0.135468549677133,10.2278270102677,1.48821135164636e-24,2.58204669510644e-22
"map04727",720.437316399733,1.38554889142957,0.135468549677133,10.2278270102677,1.48821135164636e-24,2.58204669510644e-22
"ko04217",1068.93358099514,0.887883966085401,0.12164698169218,7.29885734717312,2.90221816912146e-13,3.35689901561715e-11
"map04217",1068.93358099514,0.887883966085401,0.12164698169218,7.29885734717312,2.90221816912146e-13,3.35689901561715e-11
"ko00790",683.294838377974,-0.726286154860833,0.100957916597543,-7.19394951221197,6.29434787414816e-13,5.46034678082353e-11
"map00790",683.294838377974,-0.726286154860833,0.100957916597543,-7.19394951221197,6.29434787414816e-13,5.46034678082353e-11
"ko00040",9593.96422830814,1.98714090333616,0.293572571479487,6.76882344056115,1.29833865631176e-11,9.01047027480359e-10
"map00040",9593.96422830814,1.98714090333616,0.293572571479487,6.76882344056115,1.29833865631176e-11,9.01047027480359e-10
"ko00053",9205.50500441347,2.08947012250811,0.316244885564158,6.6071270015344,3.91849871050573e-11,2.26619842090914e-09
"map00053",9205.50500441347,2.08947012250811,0.316244885564158,6.6071270015344,3.91849871050573e-11,2.26619842090914e-09
"ko03430",1122.23077735481,-0.574790319954883,0.0874941250188939,-6.56947331984588,5.04935407622428e-11,2.50303694921404e-09
"map03430",1122.23077735481,-0.574790319954883,0.0874941250188939,-6.56947331984588,5.04935407622428e-11,2.50303694921404e-09
"ko00520",11518.1821352705,1.55088931639056,0.236867892945984,6.54748643685631,5.85135331783962e-11,2.53802450161294e-09
"map00520",11518.1821352705,1.55088931639056,0.236867892945984,6.54748643685631,5.85135331783962e-11,2.53802450161294e-09
"ko00220",1599.63295159602,0.592113961032419,0.095327853114198,6.21134266312592,5.25337745072482e-10,2.02546886155724e-08
"map00220",1599.63295159602,0.592113961032419,0.095327853114198,6.21134266312592,5.25337745072482e-10,2.02546886155724e-08
"ko00010",4804.66316778565,0.399474273485876,0.0645588745858927,6.18775150664056,6.10284298308781e-10,2.11768651513147e-08
"map00010",4804.66316778565,0.399474273485876,0.0645588745858927,6.18775150664056,6.10284298308781e-10,2.11768651513147e-08
"ko00311",90.9007998861963,-1.22224887275035,0.198167917261615,-6.16774344525597,6.92714148177148e-10,2.18519826743155e-08
"map00311",90.9007998861963,-1.22224887275035,0.198167917261615,-6.16774344525597,6.92714148177148e-10,2.18519826743155e-08
"ko05120",64.1105326029989,2.15948947999811,0.352170145626926,6.13194930579318,8.68087682232514e-10,2.51022021445569e-08
"map05120",64.1105326029989,2.15948947999811,0.352170145626926,6.13194930579318,8.68087682232514e-10,2.51022021445569e-08
"ko03440",1370.51275137282,-0.488038032283192,0.0812021480987715,-6.01016159929118,1.85338490057149e-09,4.62001465553024e-08
"map03440",1370.51275137282,-0.488038032283192,0.0812021480987715,-6.01016159929118,1.85338490057149e-09,4.62001465553024e-08
"ko00332",71.0309629031064,-1.41760669625092,0.235904601167465,-6.00923716296905,1.863982858139e-09,4.62001465553024e-08
"map00332",71.0309629031064,-1.41760669625092,0.235904601167465,-6.00923716296905,1.863982858139e-09,4.62001465553024e-08
"ko03030",15207.4960978293,1.8365919188557,0.306534395880029,5.9914709198719,2.07951513786082e-09,4.8106116855847e-08
"map03030",15207.4960978293,1.8365919188557,0.306534395880029,5.9914709198719,2.07951513786082e-09,4.8106116855847e-08
"ko04976",24.8189929397407,2.73913559525974,0.472212700380499,5.80063940053413,6.60625280260568e-09,1.43273107656511e-07
"map04976",24.8189929397407,2.73913559525974,0.472212700380499,5.80063940053413,6.60625280260568e-09,1.43273107656511e-07
"ko00450",1141.39824262575,-0.696459581808106,0.120617015445915,-5.77414039995375,7.73469240225622e-09,1.5787872138723e-07
"map00450",1141.39824262575,-0.696459581808106,0.120617015445915,-5.77414039995375,7.73469240225622e-09,1.5787872138723e-07
"ko00550",1064.30833801136,-0.655465989793215,0.115919305204913,-5.65450240263722,1.56298411929403e-08,3.0130860521946e-07
"map00550",1064.30833801136,-0.655465989793215,0.115919305204913,-5.65450240263722,1.56298411929403e-08,3.0130860521946e-07
"ko00940",235.349492228867,0.960260325330293,0.171163279750337,5.61020054494721,2.02092285149564e-08,3.57370373750898e-07
"map00940",235.349492228867,0.960260325330293,0.171163279750337,5.61020054494721,2.02092285149564e-08,3.57370373750898e-07
"ko00540",468.7259636738,-0.90948346128302,0.162207765595164,-5.60690456431598,2.05977160663342e-08,3.57370373750898e-07
"map00540",468.7259636738,-0.90948346128302,0.162207765595164,-5.60690456431598,2.05977160663342e-08,3.57370373750898e-07
"ko00240",21822.2446968771,1.38243762767744,0.256590383908286,5.38772188817318,7.1356354143397e-08,1.17907880417899e-06
"map00240",21822.2446968771,1.38243762767744,0.256590383908286,5.38772188817318,7.1356354143397e-08,1.17907880417899e-06
"ko00400",937.043277268267,-0.546781965371852,0.101714022361159,-5.37567930830986,7.62944815609512e-08,1.203372050075e-06
"map00400",937.043277268267,-0.546781965371852,0.101714022361159,-5.37567930830986,7.62944815609512e-08,1.203372050075e-06
"ko05410",64.1228975354224,-1.54469105809648,0.289842942147457,-5.32940718394524,9.85338605530376e-08,1.48657607008278e-06
"map05410",64.1228975354224,-1.54469105809648,0.289842942147457,-5.32940718394524,9.85338605530376e-08,1.48657607008278e-06
"ko05020",59.1973114062765,-1.40824736221834,0.266306543724985,-5.28806893935223,1.23614392885389e-07,1.78725809713458e-06
"map05020",59.1973114062765,-1.40824736221834,0.266306543724985,-5.28806893935223,1.23614392885389e-07,1.78725809713458e-06
"ko01100",75594.7141901107,0.628195526699455,0.122085420767063,5.14554090695271,2.66751063222355e-07,3.70250475752629e-06
"map01100",75594.7141901107,0.628195526699455,0.122085420767063,5.14554090695271,2.66751063222355e-07,3.70250475752629e-06
"ko00250",3122.36987671904,0.334704093627131,0.0653874242536483,5.11878388616075,3.07512090611654e-07,4.10410367085554e-06
"map00250",3122.36987671904,0.334704093627131,0.0653874242536483,5.11878388616075,3.07512090611654e-07,4.10410367085554e-06
"ko00230",23484.5863720923,1.23712506521916,0.248321736897866,4.98194431415398,6.29485517069042e-07,8.09005460825769e-06
"map00230",23484.5863720923,1.23712506521916,0.248321736897866,4.98194431415398,6.29485517069042e-07,8.09005460825769e-06
"ko01502",270.939695754554,-0.804577731568612,0.162874488129245,-4.93986345442976,7.81772963649003e-07,9.68840065665015e-06
"map01502",270.939695754554,-0.804577731568612,0.162874488129245,-4.93986345442976,7.81772963649003e-07,9.68840065665015e-06
"ko00531",102.001233910148,-0.929231741950256,0.188398387404545,-4.93227014706304,8.12793977955453e-07,9.72550035691525e-06
"map00531",102.001233910148,-0.929231741950256,0.188398387404545,-4.93227014706304,8.12793977955453e-07,9.72550035691525e-06
"ko00980",343.117454835092,0.847049492691356,0.180095515901618,4.70333471908362,2.55946302102126e-06,2.96044556098126e-05
"map00980",343.117454835092,0.847049492691356,0.180095515901618,4.70333471908362,2.55946302102126e-06,2.96044556098126e-05
"ko01501",1072.50186020368,-0.559942094111215,0.122890231319512,-4.55644104579294,5.20276329658883e-06,5.82373827069782e-05
"map01501",1072.50186020368,-0.559942094111215,0.122890231319512,-4.55644104579294,5.20276329658883e-06,5.82373827069782e-05
"ko00625",1171.31628554009,1.00937899800211,0.224665537272735,4.49280744281115,7.02903361652112e-06,7.62210832791509e-05
"map00625",1171.31628554009,1.00937899800211,0.224665537272735,4.49280744281115,7.02903361652112e-06,7.62210832791509e-05
"ko00380",1750.69236719745,0.397491640009332,0.0889264413416422,4.46989257651983,7.8258893015726e-06,8.22904117468391e-05
"map00380",1750.69236719745,0.397491640009332,0.0889264413416422,4.46989257651983,7.8258893015726e-06,8.22904117468391e-05
"ko00600",252.381186777222,-1.21194479454961,0.274178735592538,-4.420272753576,9.85764000925946e-06,0.000100605914212148
"map00600",252.381186777222,-1.21194479454961,0.274178735592538,-4.420272753576,9.85764000925946e-06,0.000100605914212148
"ko00020",4527.61350077005,0.416696759992677,0.0950278490356893,4.38499623238004,1.15987785949249e-05,0.000114993604926827
"map00020",4527.61350077005,0.416696759992677,0.0950278490356893,4.38499623238004,1.15987785949249e-05,0.000114993604926827
"ko00830",207.527770330353,1.18979555961539,0.273537622416268,4.34965965231928,1.36348985892012e-05,0.000131425272512578
"map00830",207.527770330353,1.18979555961539,0.273537622416268,4.34965965231928,1.36348985892012e-05,0.000131425272512578
"ko00910",3234.42264341295,1.27955451367714,0.295155822626181,4.33518303075359,1.45638891841745e-05,0.000136585663429961
"map00910",3234.42264341295,1.27955451367714,0.295155822626181,4.33518303075359,1.45638891841745e-05,0.000136585663429961
"ko00364",136.152877200137,0.973862994390257,0.226235889467973,4.30463529319084,1.67261050452144e-05,0.000152735748702353
"map00364",136.152877200137,0.973862994390257,0.226235889467973,4.30463529319084,1.67261050452144e-05,0.000152735748702353
"ko03020",4421.2971021948,0.756301717855627,0.176927701812322,4.27463709814012,1.91448871197738e-05,0.000170340405911833
"map03020",4421.2971021948,0.756301717855627,0.176927701812322,4.27463709814012,1.91448871197738e-05,0.000170340405911833
"ko03050",300.260640164174,1.70578790475985,0.402358418198859,4.23947363247857,2.24044506627472e-05,0.000194358609499332
"map03050",300.260640164174,1.70578790475985,0.402358418198859,4.23947363247857,2.24044506627472e-05,0.000194358609499332
"ko00982",342.055522270601,0.705300855726701,0.167757507111107,4.20428789073251,2.61905411469596e-05,0.00022166140921939
"map00982",342.055522270601,0.705300855726701,0.167757507111107,4.20428789073251,2.61905411469596e-05,0.00022166140921939
"ko00260",2463.53678789055,-0.461692738217525,0.111026192536757,-4.1584127823232,3.20466545073159e-05,0.00026476640747711
"map00260",2463.53678789055,-0.461692738217525,0.111026192536757,-4.1584127823232,3.20466545073159e-05,0.00026476640747711
"ko05133",142.939973775666,-1.29710028824031,0.315087879542083,-4.11663022432149,3.84452143960019e-05,0.000310243939428201
"map05133",142.939973775666,-1.29710028824031,0.315087879542083,-4.11663022432149,3.84452143960019e-05,0.000310243939428201
"ko04142",137.85861673084,-1.19891902822544,0.293512365898326,-4.08473089219263,4.41279282688164e-05,0.000348008888847256
"map04142",137.85861673084,-1.19891902822544,0.293512365898326,-4.08473089219263,4.41279282688164e-05,0.000348008888847256
"ko03022",51.8626135052687,1.81534768463269,0.448108627174955,4.05113308368403,5.09702052984715e-05,0.000393036916412658
"map03022",51.8626135052687,1.81534768463269,0.448108627174955,4.05113308368403,5.09702052984715e-05,0.000393036916412658
"ko03410",481.261403961426,-0.541591120324166,0.135295089662517,-4.00303604273534,6.25347707700202e-05,0.000471729683852109
"map03410",481.261403961426,-0.541591120324166,0.135295089662517,-4.00303604273534,6.25347707700202e-05,0.000471729683852109
"ko00670",841.986533909594,-0.73193669494551,0.187061961052435,-3.91280349477541,9.12307709168116e-05,0.000673554840598588
"map00670",841.986533909594,-0.73193669494551,0.187061961052435,-3.91280349477541,9.12307709168116e-05,0.000673554840598588
"ko00564",602.970067235087,-0.482385147587506,0.123688492547406,-3.90000021548182,9.61926024219557e-05,0.000695392355008722
"map00564",602.970067235087,-0.482385147587506,0.123688492547406,-3.90000021548182,9.61926024219557e-05,0.000695392355008722
"ko00310",1685.05927979899,0.370604900470873,0.0956443716037732,3.87482184530608,0.00010670273383199,0.000755629564075521
"map00310",1685.05927979899,0.370604900470873,0.0956443716037732,3.87482184530608,0.00010670273383199,0.000755629564075521
"ko00680",3531.07689578714,0.372021410433373,0.0986989693777272,3.76925324325955,0.000163736693537465,0.00113633265315001
"map00680",3531.07689578714,0.372021410433373,0.0986989693777272,3.76925324325955,0.000163736693537465,0.00113633265315001
"ko00062",9.13094121551042,-3.38517099797678,0.921950062123651,-3.67175092995737,0.000240894395414832,0.00163902657272445
"map00062",9.13094121551042,-3.38517099797678,0.921950062123651,-3.67175092995737,0.000240894395414832,0.00163902657272445
"ko00626",235.605098894528,1.07118930867781,0.292967265023863,3.6563447066025,0.000255837278484223,0.00170722183911587
"map00626",235.605098894528,1.07118930867781,0.292967265023863,3.6563447066025,0.000255837278484223,0.00170722183911587
"ko00300",863.726997411097,-0.282499891634848,0.0775541663448605,-3.64261399418123,0.000269883396154454,0.00176697242387916
"map00300",863.726997411097,-0.282499891634848,0.0775541663448605,-3.64261399418123,0.000269883396154454,0.00176697242387916
"ko04141",580.762066463404,0.940514537197592,0.260546642217462,3.60977416248029,0.000306463708601952,0.00196931309046069
"map04141",580.762066463404,0.940514537197592,0.260546642217462,3.60977416248029,0.000306463708601952,0.00196931309046069
"ko01503",908.886587615397,-0.620136631768291,0.172225651646632,-3.60072164534858,0.000317335174216509,0.00200209646278416
"map01503",908.886587615397,-0.620136631768291,0.172225651646632,-3.60072164534858,0.000317335174216509,0.00200209646278416
"ko00906",53.7086862874536,-0.993384424943514,0.277351018752991,-3.58168659127307,0.000341383184131134,0.00211535651595542
"map00906",53.7086862874536,-0.993384424943514,0.277351018752991,-3.58168659127307,0.000341383184131134,0.00211535651595542
"ko04640",4.14236829055441,3.70246009992792,1.04629289592205,3.53864593208875,0.000402184908476187,0.00244838882879363
"map04640",4.14236829055441,3.70246009992792,1.04629289592205,3.53864593208875,0.000402184908476187,0.00244838882879363
"ko03460",8.02484743531364,3.21929367252547,0.917523366717954,3.508677587189,0.000450340469747322,0.00269427832762622
"map03460",8.02484743531364,3.21929367252547,0.917523366717954,3.508677587189,0.000450340469747322,0.00269427832762622
"ko04260",195.418385736699,0.916064597223424,0.261696818082445,3.50048045649079,0.000464420290648242,0.00273142103143966
"map04260",195.418385736699,0.916064597223424,0.261696818082445,3.50048045649079,0.000464420290648242,0.00273142103143966
"ko00405",82.5103511662187,-0.766783988141374,0.219514281232744,-3.4930938608426,0.000477458656012153,0.00276130256060362
"map00405",82.5103511662187,-0.766783988141374,0.219514281232744,-3.4930938608426,0.000477458656012153,0.00276130256060362
"ko00791",55.8781627180494,1.3258491421791,0.38077668126557,3.48195991879658,0.000497758190711328,0.0028315097078169
"map00791",55.8781627180494,1.3258491421791,0.38077668126557,3.48195991879658,0.000497758190711328,0.0028315097078169
"ko00983",902.447604947492,-0.465159948874816,0.137296651492083,-3.38799194167994,0.000704063328303304,0.00394048346647172
"map00983",902.447604947492,-0.465159948874816,0.137296651492083,-3.38799194167994,0.000704063328303304,0.00394048346647172
"ko04972",8.451682289441,-3.68744164463296,1.09380928713154,-3.37119248118937,0.000748435454619204,0.00410515672336463
"map04972",8.451682289441,-3.68744164463296,1.09380928713154,-3.37119248118937,0.000748435454619204,0.00410515672336463
"ko00511",234.246458798581,-0.930543003155738,0.276289224403418,-3.36800324068022,0.000757147061369845,0.00410515672336463
"map00511",234.246458798581,-0.930543003155738,0.276289224403418,-3.36800324068022,0.000757147061369845,0.00410515672336463
"ko02024",7262.76184573747,-0.390455394624241,0.11738651103305,-3.32623732648727,0.000880269440024385,0.00469928454905326
"map02024",7262.76184573747,-0.390455394624241,0.11738651103305,-3.32623732648727,0.000880269440024385,0.00469928454905326
"ko05166",7.12959290888772,2.94395219915668,0.903408776060693,3.2587155196718,0.00111917832335735,0.00588416482128791
"map05166",7.12959290888772,2.94395219915668,0.903408776060693,3.2587155196718,0.00111917832335735,0.00588416482128791
"ko00061",1657.09753748307,-0.279406131953533,0.0864065358922765,-3.23362265444676,0.00122230837307387,0.00627731694362435
"map00061",1657.09753748307,-0.279406131953533,0.0864065358922765,-3.23362265444676,0.00122230837307387,0.00627731694362435
"ko00196",6.78933570367243,-2.68027268169678,0.829343958031569,-3.23179864728062,0.00123013703794368,0.00627731694362435
"map00196",6.78933570367243,-2.68027268169678,0.829343958031569,-3.23179864728062,0.00123013703794368,0.00627731694362435
"ko04614",137.68642693337,-0.957887044207714,0.298783263111392,-3.20595951136191,0.00134612927875538,0.00661561009601748
"map04614",137.68642693337,-0.957887044207714,0.298783263111392,-3.20595951136191,0.00134612927875538,0.00661561009601748
"ko05160",2.48002976224042,4.72165002122764,1.47475966086086,3.20164033946485,0.0013664749432013,0.00661561009601748
"ko05162",2.48002976224042,4.72165002122764,1.47475966086086,3.20164033946485,0.0013664749432013,0.00661561009601748
"map05160",2.48002976224042,4.72165002122764,1.47475966086086,3.20164033946485,0.0013664749432013,0.00661561009601748
"map05162",2.48002976224042,4.72165002122764,1.47475966086086,3.20164033946485,0.0013664749432013,0.00661561009601748
"ko01062",16.2447956184729,-1.60369584205846,0.501102887250451,-3.20033247235499,0.00137269143202668,0.00661561009601748
"map01062",16.2447956184729,-1.60369584205846,0.501102887250451,-3.20033247235499,0.00137269143202668,0.00661561009601748
"ko00072",638.349178388305,0.483079538696922,0.151461896735016,3.18944598681526,0.00142545774416041,0.00677580598936524
"map00072",638.349178388305,0.483079538696922,0.151461896735016,3.18944598681526,0.00142545774416041,0.00677580598936524
"ko05206",61.6500016384886,-1.3556884651595,0.427344216348512,-3.17235711470095,0.00151206945461011,0.00709037973986091
"map05206",61.6500016384886,-1.3556884651595,0.427344216348512,-3.17235711470095,0.00151206945461011,0.00709037973986091
"ko05010",596.584709860005,0.57330715349347,0.181803119237938,3.15345058927808,0.00161352540925829,0.00746524422683502
"map05010",596.584709860005,0.57330715349347,0.181803119237938,3.15345058927808,0.00161352540925829,0.00746524422683502
"ko04122",707.90911863985,-0.507329486562724,0.162348936816275,-3.1249326081935,0.00177845799197087,0.00807719386788216
"map04122",707.90911863985,-0.507329486562724,0.162348936816275,-3.1249326081935,0.00177845799197087,0.00807719386788216
"ko01053",42.2583420684875,-1.33242783441031,0.4266986394241,-3.1226437379989,0.00179234561333408,0.00807719386788216
"map01053",42.2583420684875,-1.33242783441031,0.4266986394241,-3.1226437379989,0.00179234561333408,0.00807719386788216
"ko04145",5.28098647645566,-5.11136082323252,1.64903910093038,-3.0995995306289,0.00193782457313208,0.0086208349599594
"map04145",5.28098647645566,-5.11136082323252,1.64903910093038,-3.0995995306289,0.00193782457313208,0.0086208349599594
"ko04144",12.663203946627,-2.69835481827935,0.875826466374901,-3.08092404360421,0.00206359283483397,0.00906413561629603
"map04144",12.663203946627,-2.69835481827935,0.875826466374901,-3.08092404360421,0.00206359283483397,0.00906413561629603
"ko04974",66.1564412976146,-0.866063843056418,0.281569008812686,-3.07584931562041,0.00209903895038319,0.00910458144728707
"map04974",66.1564412976146,-0.866063843056418,0.281569008812686,-3.07584931562041,0.00209903895038319,0.00910458144728707
"ko04152",425.139007316689,0.729277310464723,0.239157200490346,3.04936380326196,0.00229326588426113,0.00982423780047667
"map04152",425.139007316689,0.729277310464723,0.239157200490346,3.04936380326196,0.00229326588426113,0.00982423780047667
"ko00640",4871.17748533307,0.477058268812377,0.157134795565575,3.03598109569114,0.00239754395879822,0.010145704313451
"map00640",4871.17748533307,0.477058268812377,0.157134795565575,3.03598109569114,0.00239754395879822,0.010145704313451
"ko04151",303.583315646386,0.692030548463162,0.230307678387275,3.00480884228043,0.00265747809152619,0.0111101794910794
"map04151",303.583315646386,0.692030548463162,0.230307678387275,3.00480884228043,0.00265747809152619,0.0111101794910794
"ko05146",31.1535811576372,-1.12861085562106,0.382627654386601,-2.94963221471893,0.00318152412275375,0.0131376531921217
"map05146",31.1535811576372,-1.12861085562106,0.382627654386601,-2.94963221471893,0.00318152412275375,0.0131376531921217
"ko00650",3154.10005135899,0.424161411352936,0.144075785879722,2.94401594801666,0.00323983304354241,0.0131376531921217
"map00650",3154.10005135899,0.424161411352936,0.144075785879722,2.94401594801666,0.00323983304354241,0.0131376531921217
"ko01052",42.6263153759515,-1.96861650344197,0.669034601174358,-2.94247337878558,0.00325601779401288,0.0131376531921217
"map01052",42.6263153759515,-1.96861650344197,0.669034601174358,-2.94247337878558,0.00325601779401288,0.0131376531921217
"ko03070",2999.60354004425,-0.714820851494173,0.243904769131379,-2.93073749250527,0.00338158401602438,0.0134874672823041
"map03070",2999.60354004425,-0.714820851494173,0.243904769131379,-2.93073749250527,0.00338158401602438,0.0134874672823041
"ko01210",2953.42951942723,0.284232180166212,0.0974437616058298,2.91688431852581,0.00353546870593674,0.0139409959200006
"map01210",2953.42951942723,0.284232180166212,0.0974437616058298,2.91688431852581,0.00353546870593674,0.0139409959200006
"ko00660",959.883534535547,0.311976559695515,0.107578755331561,2.89998298208596,0.00373182920513751,0.0143839528691634
"map00660",959.883534535547,0.311976559695515,0.107578755331561,2.89998298208596,0.00373182920513751,0.0143839528691634
"ko04110",5.65884089173037,2.79561001103046,0.96513101545586,2.89661192756303,0.0037721605507028,0.0143839528691634
"ko04530",5.65884089173037,2.79561001103046,0.96513101545586,2.89661192756303,0.0037721605507028,0.0143839528691634
"map04110",5.65884089173037,2.79561001103046,0.96513101545586,2.89661192756303,0.0037721605507028,0.0143839528691634
"map04530",5.65884089173037,2.79561001103046,0.96513101545586,2.89661192756303,0.0037721605507028,0.0143839528691634
"ko00603",57.6627424621493,-0.898521509367687,0.317114140205181,-2.83343249464159,0.00460510333157761,0.0173692484354068
"map00603",57.6627424621493,-0.898521509367687,0.317114140205181,-2.83343249464159,0.00460510333157761,0.0173692484354068
"ko04924",48.0863403108825,-1.40209291375565,0.49673558773501,-2.82261418020973,0.00476338569215892,0.0177730627438618
"map04924",48.0863403108825,-1.40209291375565,0.49673558773501,-2.82261418020973,0.00476338569215892,0.0177730627438618
"ko00730",683.204595785931,-0.395260987193056,0.140717742610877,-2.80889232487236,0.00497122701839263,0.0182266607999747
"map00730",683.204595785931,-0.395260987193056,0.140717742610877,-2.80889232487236,0.00497122701839263,0.0182266607999747
"ko05134",3637.19516081947,0.259299282820712,0.0923536368535929,2.80767809102933,0.00499000799999308,0.0182266607999747
"map05134",3637.19516081947,0.259299282820712,0.0923536368535929,2.80767809102933,0.00499000799999308,0.0182266607999747
"ko00627",478.442733704733,0.411640268731953,0.148877068927642,2.76496757826432,0.00569284537173714,0.0205772639999249
"map00627",478.442733704733,0.411640268731953,0.148877068927642,2.76496757826432,0.00569284537173714,0.0205772639999249
"ko00620",4891.25110091314,0.27749654637207,0.101011477475569,2.74717837326147,0.00601104329331871,0.0215034229152742
"map00620",4891.25110091314,0.27749654637207,0.101011477475569,2.74717837326147,0.00601104329331871,0.0215034229152742
"ko00966",139.25714028859,0.452862496255775,0.167333924592981,2.7063400165705,0.0068029352257772,0.0240879441157621
"map00966",139.25714028859,0.452862496255775,0.167333924592981,2.7063400165705,0.0068029352257772,0.0240879441157621
"ko01056",5.11256537852369,-3.3881588447851,1.25905582789802,-2.69103146160055,0.00712314769332792,0.0247459013705552
"map01056",5.11256537852369,-3.3881588447851,1.25905582789802,-2.69103146160055,0.00712314769332792,0.0247459013705552
"ko04622",12.8613371031132,2.10174218856275,0.781129230515442,2.69064593470133,0.00713138368027529,0.0247459013705552
"map04622",12.8613371031132,2.10174218856275,0.781129230515442,2.69064593470133,0.00713138368027529,0.0247459013705552
"ko05111",2065.13718471234,-0.905960118247371,0.337536268466221,-2.68403784388591,0.00727388721592368,0.0249776296705218
"map05111",2065.13718471234,-0.905960118247371,0.337536268466221,-2.68403784388591,0.00727388721592368,0.0249776296705218
"ko00630",5498.41746835347,0.240978072288501,0.0898865193636201,2.68091449078884,0.00734212745358277,0.0249776296705218
"map00630",5498.41746835347,0.240978072288501,0.0898865193636201,2.68091449078884,0.00734212745358277,0.0249776296705218
"ko00908",12.8162466164726,-1.64492480633206,0.629210050213377,-2.61426975900056,0.00894184053130903,0.0301244530520799
"map00908",12.8162466164726,-1.64492480633206,0.629210050213377,-2.61426975900056,0.00894184053130903,0.0301244530520799
"ko03018",5422.34641742035,0.190238969551656,0.0734433420780972,2.59028203467868,0.00958973290458726,0.0319965126720363
"map03018",5422.34641742035,0.190238969551656,0.0734433420780972,2.59028203467868,0.00958973290458726,0.0319965126720363
"ko00720",4064.56950215147,0.305154836976211,0.119109008857922,2.56197948335051,0.0104077466543002,0.0343951246575445
"map00720",4064.56950215147,0.305154836976211,0.119109008857922,2.56197948335051,0.0104077466543002,0.0343951246575445
"ko01200",13339.1039544875,0.210998757986272,0.0828062377795929,2.54810221601774,0.0108310730364322,0.0354564372041694
"map01200",13339.1039544875,0.210998757986272,0.0828062377795929,2.54810221601774,0.0108310730364322,0.0354564372041694
"ko00362",1387.26679463666,0.444762964095964,0.175299534083657,2.53715998973342,0.0111755867865916,0.0362423235041802
"map00362",1387.26679463666,0.444762964095964,0.175299534083657,2.53715998973342,0.0111755867865916,0.0362423235041802
"ko05012",305.641130488481,0.642021113123578,0.253595920976771,2.53166971554872,0.0113520865634172,0.0364738336806089
"map05012",305.641130488481,0.642021113123578,0.253595920976771,2.53166971554872,0.0113520865634172,0.0364738336806089
"ko04932",303.948861609652,0.646787225047628,0.256435270276241,2.52222412443844,0.0116615381519739,0.0371243462269261
"map04932",303.948861609652,0.646787225047628,0.256435270276241,2.52222412443844,0.0116615381519739,0.0371243462269261
"ko00100",2.66184054239035,-3.31543523484272,1.34197606492993,-2.47056212214623,0.0134900886200446,0.042555097737777
"map00100",2.66184054239035,-3.31543523484272,1.34197606492993,-2.47056212214623,0.0134900886200446,0.042555097737777
"ko03060",1676.6420177041,-0.234048279031386,0.0956602576492425,-2.44666159994646,0.0144186144125023,0.0450744072174622
"map03060",1676.6420177041,-0.234048279031386,0.0956602576492425,-2.44666159994646,0.0144186144125023,0.0450744072174622
"ko04080",9.92243430659835,-1.92578462916352,0.791361941440015,-2.43350675376078,0.0149533564582379,0.0463287025982907
"map04080",9.92243430659835,-1.92578462916352,0.791361941440015,-2.43350675376078,0.0149533564582379,0.0463287025982907
"ko00525",202.730056176014,-0.472631914011341,0.194688586576978,-2.42763031116088,0.015197826035074,0.0466694303908911
"map00525",202.730056176014,-0.472631914011341,0.194688586576978,-2.42763031116088,0.015197826035074,0.0466694303908911
"ko01120",23062.0005413752,0.267123289031517,0.114651941081517,2.32986276997783,0.0198134052923717,0.0598396828858371
"map01120",23062.0005413752,0.267123289031517,0.114651941081517,2.32986276997783,0.0198134052923717,0.0598396828858371
"ko05323",7.68176641147336,-3.20201746489881,1.37706343174108,-2.32525052302809,0.0200585682239966,0.0598396828858371
"map05323",7.68176641147336,-3.20201746489881,1.37706343174108,-2.32525052302809,0.0200585682239966,0.0598396828858371
"ko01220",946.891630326141,0.79579828505574,0.342409012772362,2.32411605819733,0.0201192746153516,0.0598396828858371
"map01220",946.891630326141,0.79579828505574,0.342409012772362,2.32411605819733,0.0201192746153516,0.0598396828858371
"ko04922",866.219388525436,0.262226144558384,0.11288013563126,2.32304951701144,0.0201764925004119,0.0598396828858371
"map04922",866.219388525436,0.262226144558384,0.11288013563126,2.32304951701144,0.0201764925004119,0.0598396828858371
"ko05340",30.5730695532598,-0.813998524827477,0.354639315997279,-2.29528562714046,0.021716760757305,0.0638619998541089
"map05340",30.5730695532598,-0.813998524827477,0.354639315997279,-2.29528562714046,0.021716760757305,0.0638619998541089
"ko00270",2546.78455288801,-0.230421892621698,0.102186918159026,-2.25490597791696,0.0241392310216262,0.0703891862563385
"map00270",2546.78455288801,-0.230421892621698,0.102186918159026,-2.25490597791696,0.0241392310216262,0.0703891862563385
"ko00473",132.83955431479,-0.571911026164921,0.257582988781469,-2.22029812166721,0.026398537356235,0.0760664259855839
"map00473",132.83955431479,-0.571911026164921,0.257582988781469,-2.22029812166721,0.026398537356235,0.0760664259855839
"ko00071",2001.42624020334,0.199424970215054,0.0899481515734978,2.21711026548557,0.0266155574800089,0.0760664259855839
"map00071",2001.42624020334,0.199424970215054,0.0899481515734978,2.21711026548557,0.0266155574800089,0.0760664259855839
"ko04978",15.1320899277895,-2.03017601551645,0.916460045674384,-2.21523679629976,0.0267438154761995,0.0760664259855839
"map04978",15.1320899277895,-2.03017601551645,0.916460045674384,-2.21523679629976,0.0267438154761995,0.0760664259855839
"ko04916",28.2414658409669,-1.52133473526634,0.693798978264498,-2.19276012638687,0.0283246661704165,0.0799077980580044
"map04916",28.2414658409669,-1.52133473526634,0.693798978264498,-2.19276012638687,0.0283246661704165,0.0799077980580044
"ko04112",2776.39110178585,0.339226022888588,0.156428532501627,2.16856872249352,0.030115441920848,0.0842746640849537
"map04112",2776.39110178585,0.339226022888588,0.156428532501627,2.16856872249352,0.030115441920848,0.0842746640849537
"ko00970",2381.15768233823,-0.184527151249882,0.0865108407231225,-2.13299454389144,0.0329251737827316,0.0911506665406441
"map00970",2381.15768233823,-0.184527151249882,0.0865108407231225,-2.13299454389144,0.0329251737827316,0.0911506665406441
"ko00340",673.916975384987,-0.352977183657317,0.16564751966831,-2.13089326277938,0.0330979365536633,0.0911506665406441
"map00340",673.916975384987,-0.352977183657317,0.16564751966831,-2.13089326277938,0.0330979365536633,0.0911506665406441
"ko00514",20.6476617693119,-1.46383806282394,0.688812241372118,-2.12516267119174,0.0335730416379396,0.0913483854113198
"map00514",20.6476617693119,-1.46383806282394,0.688812241372118,-2.12516267119174,0.0335730416379396,0.0913483854113198
"ko04212",4180.33989319827,0.210946114914338,0.099330083558933,2.12368808478031,0.0336962343880373,0.0913483854113198
"map04212",4180.33989319827,0.210946114914338,0.099330083558933,2.12368808478031,0.0336962343880373,0.0913483854113198
"ko01523",315.225273682175,-0.3222148807575,0.152619555731638,-2.11122931928903,0.0347526058966934,0.092898320191249
"map01523",315.225273682175,-0.3222148807575,0.152619555731638,-2.11122931928903,0.0347526058966934,0.092898320191249
"ko00561",643.597392589948,-0.312140022048324,0.147888915265179,-2.11063839023112,0.0348034052589694,0.092898320191249
"map00561",643.597392589948,-0.312140022048324,0.147888915265179,-2.11063839023112,0.0348034052589694,0.092898320191249
"ko00253",7.8678516767509,-2.29580589743738,1.09104544318905,-2.10422573300604,0.0353587608450501,0.0931307915885014
"map00253",7.8678516767509,-2.29580589743738,1.09104544318905,-2.10422573300604,0.0353587608450501,0.0931307915885014
"ko00140",43.1465382104445,-1.19444585106567,0.567853386535918,-2.10344057002489,0.035427275186404,0.0931307915885014
"map00140",43.1465382104445,-1.19444585106567,0.567853386535918,-2.10344057002489,0.035427275186404,0.0931307915885014
"ko01054",17.5784466759433,-1.42614213682245,0.684578627738505,-2.08324081272255,0.0372292787006939,0.0964063458834006
"map01054",17.5784466759433,-1.42614213682245,0.684578627738505,-2.08324081272255,0.0372292787006939,0.0964063458834006
"ko00261",568.826113635048,-0.264088611426064,0.126872656423905,-2.08152504148487,0.0373858744577176,0.0964063458834006
"map00261",568.826113635048,-0.264088611426064,0.126872656423905,-2.08152504148487,0.0373858744577176,0.0964063458834006
"ko00622",90.857590329109,0.520716439423836,0.250319846940037,2.08020436968616,0.0375067916261069,0.0964063458834006
"map00622",90.857590329109,0.520716439423836,0.250319846940037,2.08020436968616,0.0375067916261069,0.0964063458834006
"ko00515",21.1770832343107,-1.45044914775884,0.701720251091031,-2.0669905785157,0.0387350417355904,0.0988313197224254
"map00515",21.1770832343107,-1.45044914775884,0.701720251091031,-2.0669905785157,0.0387350417355904,0.0988313197224254
"ko00760",944.181461042145,-0.157771359471749,0.0764743058821542,-2.0630636349269,0.039106582637919,0.0990509793821745
"map00760",944.181461042145,-0.157771359471749,0.0764743058821542,-2.0630636349269,0.039106582637919,0.0990509793821745
"ko00522",2.89035151643821,-2.65479448193368,1.29003117877692,-2.05793047920803,0.0395968074316026,0.09934080360768
"map00522",2.89035151643821,-2.65479448193368,1.29003117877692,-2.05793047920803,0.0395968074316026,0.09934080360768
"ko04216",360.344015902593,-0.485844285109517,0.236318775869422,-2.05588524789063,0.0397935783903963,0.09934080360768
"map04216",360.344015902593,-0.485844285109517,0.236318775869422,-2.05588524789063,0.0397935783903963,0.09934080360768
"ko00523",350.061704732258,-0.407412844465269,0.198770119277549,-2.04966846096412,0.0403967947253151,0.100126341212031
"map00523",350.061704732258,-0.407412844465269,0.198770119277549,-2.04966846096412,0.0403967947253151,0.100126341212031
"ko05100",159.339467493939,-1.16914613037348,0.580419609543893,-2.01431190667768,0.0439767966647498,0.108226584699774
"map05100",159.339467493939,-1.16914613037348,0.580419609543893,-2.01431190667768,0.0439767966647498,0.108226584699774
"ko04022",4.17229864106962,1.62541327704345,0.812877787791841,1.99957890528518,0.0455457536691217,0.111298426219614
"map04022",4.17229864106962,1.62541327704345,0.812877787791841,1.99957890528518,0.0455457536691217,0.111298426219614
"ko04071",17.8294447301473,-0.854889758137289,0.429465914117302,-1.99058814689491,0.0465261844334625,0.112899202786094
"map04071",17.8294447301473,-0.854889758137289,0.429465914117302,-1.99058814689491,0.0465261844334625,0.112899202786094
"ko04979",2.62470541054052,2.40902532920191,1.22651461210982,1.96412281224922,0.0495158513124475,0.119319447259856
"map04979",2.62470541054052,2.40902532920191,1.22651461210982,1.96412281224922,0.0495158513124475,0.119319447259856
"ko03450",159.818374357012,0.547352022428211,0.280647967588986,1.95031529047029,0.0511385513079065,0.122379843474783
"map03450",159.818374357012,0.547352022428211,0.280647967588986,1.95031529047029,0.0511385513079065,0.122379843474783
"ko04020",6.16219544302222,1.33305792124662,0.689615197432044,1.93304603235341,0.0532305273758167,0.126513650680879
"map04020",6.16219544302222,1.33305792124662,0.689615197432044,1.93304603235341,0.0532305273758167,0.126513650680879
"ko05414",16.0365572245399,-2.04165274686844,1.06186976665161,-1.92269599435567,0.0545182402022979,0.128692716668009
"map05414",16.0365572245399,-2.04165274686844,1.06186976665161,-1.92269599435567,0.0545182402022979,0.128692716668009
"ko04964",355.565169623928,0.457217334248946,0.239143059716596,1.9118988223651,0.0558891727732507,0.131037452380527
"map04964",355.565169623928,0.457217334248946,0.239143059716596,1.9118988223651,0.0558891727732507,0.131037452380527
"ko05110",22.7723914415635,-1.20004484820937,0.633904558891464,-1.89310020156337,0.0583445453844277,0.1358762231436
"map05110",22.7723914415635,-1.20004484820937,0.633904558891464,-1.89310020156337,0.0583445453844277,0.1358762231436
"ko05230",645.996617192105,0.245188922618802,0.130383448702345,1.88052183815561,0.0600369929747746,0.138885577081645
"map05230",645.996617192105,0.245188922618802,0.130383448702345,1.88052183815561,0.0600369929747746,0.138885577081645
"ko05150",21.4659386529704,-1.22376605879398,0.652871716130642,-1.87443571004553,0.0608703954181895,0.139880974901402
"map05150",21.4659386529704,-1.22376605879398,0.652871716130642,-1.87443571004553,0.0608703954181895,0.139880974901402
"ko00624",68.0132052754676,1.07850147130111,0.577211387407042,1.86846880506978,0.061696754353757,0.140534239747943
"map00624",68.0132052754676,1.07850147130111,0.577211387407042,1.86846880506978,0.061696754353757,0.140534239747943
"ko05205",36.7925102868007,-0.641944001261018,0.343920343008119,-1.86654850261609,0.0619646647879979,0.140534239747943
"map05205",36.7925102868007,-0.641944001261018,0.343920343008119,-1.86654850261609,0.0619646647879979,0.140534239747943
"ko00120",9.75438442562566,-1.26701273488456,0.680518776975209,-1.8618336154018,0.062626546635524,0.141113062873551
"map00120",9.75438442562566,-1.26701273488456,0.680518776975209,-1.8618336154018,0.062626546635524,0.141113062873551
"ko00750",384.541042842133,-0.317694221102667,0.173562946317076,-1.83042652734347,0.0671861840156183,0.150410360344642
"map00750",384.541042842133,-0.317694221102667,0.173562946317076,-1.83042652734347,0.0671861840156183,0.150410360344642
"ko00232",5.32143034338668,1.31329548410547,0.721038742727734,1.82139378410818,0.0685470193749479,0.152473177712224
"map00232",5.32143034338668,1.31329548410547,0.721038742727734,1.82139378410818,0.0685470193749479,0.152473177712224
"ko00471",236.16785742618,-0.328556274782308,0.182811846929241,-1.79723732515803,0.0722979513398248,0.159792287356173
"map00471",236.16785742618,-0.328556274782308,0.182811846929241,-1.79723732515803,0.0722979513398248,0.159792287356173
"ko00643",270.632642325048,0.299599492833532,0.167675833663663,1.78677801259358,0.0739733744227793,0.162460512181674
"map00643",270.632642325048,0.299599492833532,0.167675833663663,1.78677801259358,0.0739733744227793,0.162460512181674
"ko00480",1176.89648754378,0.190517783391661,0.10755555904148,1.77134296999178,0.0765036859817022,0.165733124227403
"map00480",1176.89648754378,0.190517783391661,0.10755555904148,1.77134296999178,0.0765036859817022,0.165733124227403
"ko00981",189.023499408534,0.401775719060451,0.226876673318993,1.77089919903553,0.0765774655825347,0.165733124227403
"map00981",189.023499408534,0.401775719060451,0.226876673318993,1.77089919903553,0.0765774655825347,0.165733124227403
"ko04623",1.80919360318498,3.32521001807178,1.8797274651303,1.76898517458289,0.0768963487049335,0.165733124227403
"map04623",1.80919360318498,3.32521001807178,1.8797274651303,1.76898517458289,0.0768963487049335,0.165733124227403
"ko02025",1467.96572670415,-0.249344935385045,0.141823935276446,-1.75813014142512,0.078725368255714,0.166430204039144
"map02025",1467.96572670415,-0.249344935385045,0.141823935276446,-1.75813014142512,0.078725368255714,0.166430204039144
"ko04917",19.0013697159109,-0.726260367006801,0.413241944811674,-1.75747011194079,0.0788377119138743,0.166430204039144
"map04917",19.0013697159109,-0.726260367006801,0.413241944811674,-1.75747011194079,0.0788377119138743,0.166430204039144
"ko00860",1133.65887608615,-0.280746179936167,0.159749407611561,-1.75741609395395,0.0788469120897264,0.166430204039144
"map00860",1133.65887608615,-0.280746179936167,0.159749407611561,-1.75741609395395,0.0788469120897264,0.166430204039144
"ko01130",18343.3613690757,0.0797861476169625,0.0454438596702129,1.75570799214618,0.0791382814595355,0.166430204039144
"map01130",18343.3613690757,0.0797861476169625,0.0454438596702129,1.75570799214618,0.0791382814595355,0.166430204039144
"ko00365",24.0045605125919,-1.25003173401737,0.716923385951539,-1.74360574436871,0.0812278609613464,0.167966444217137
"map00365",24.0045605125919,-1.25003173401737,0.716923385951539,-1.74360574436871,0.0812278609613464,0.167966444217137
"ko00941",5.62483466416138,-1.3194566306849,0.756971690148109,-1.74307262458749,0.0813209297650691,0.167966444217137
"ko00945",5.62483466416138,-1.3194566306849,0.756971690148109,-1.74307262458749,0.0813209297650691,0.167966444217137
"map00941",5.62483466416138,-1.3194566306849,0.756971690148109,-1.74307262458749,0.0813209297650691,0.167966444217137
"map00945",5.62483466416138,-1.3194566306849,0.756971690148109,-1.74307262458749,0.0813209297650691,0.167966444217137
"ko00909",25.4968683588813,-0.949433794801993,0.552055744728358,-1.71981508003176,0.0854660605631954,0.175483568138632
"map00909",25.4968683588813,-0.949433794801993,0.552055744728358,-1.71981508003176,0.0854660605631954,0.175483568138632
"ko04146",1140.44088462032,-0.209219859061482,0.123379896669518,-1.69573702612098,0.089935693180227,0.183574620785522
"map04146",1140.44088462032,-0.209219859061482,0.123379896669518,-1.69573702612098,0.089935693180227,0.183574620785522
"ko00401",242.691005579633,-0.612361968527252,0.363223459141657,-1.68590974265358,0.0918131851236896,0.186310966303628
"map00401",242.691005579633,-0.612361968527252,0.363223459141657,-1.68590974265358,0.0918131851236896,0.186310966303628
"ko04931",529.619181310484,0.297660642689365,0.17747171689552,1.67722861927685,0.0934977846618727,0.188626344637615
"map04931",529.619181310484,0.297660642689365,0.17747171689552,1.67722861927685,0.0934977846618727,0.188626344637615
"ko05152",3587.48083925027,0.179049593770155,0.107223937436969,1.66986587183864,0.0949459039611484,0.190440628176408
"map05152",3587.48083925027,0.179049593770155,0.107223937436969,1.66986587183864,0.0949459039611484,0.190440628176408
"ko05142",85.2316978880221,-0.582741392986897,0.364603452072536,-1.59828819413088,0.109978853606453,0.219325644835858
"map05142",85.2316978880221,-0.582741392986897,0.364603452072536,-1.59828819413088,0.109978853606453,0.219325644835858
"ko05204",247.401383450929,0.368685855754037,0.232572348232962,1.58525232494421,0.112909016315247,0.223882449493661
"map05204",247.401383450929,0.368685855754037,0.232572348232962,1.58525232494421,0.112909016315247,0.223882449493661
"ko04723",46.7254883970563,-0.831489582019727,0.537457312160804,-1.54708022982661,0.121843900581188,0.240226326714048
"map04723",46.7254883970563,-0.831489582019727,0.537457312160804,-1.54708022982661,0.121843900581188,0.240226326714048
"ko05168",155.419697930875,-0.927978832640394,0.601384774621471,-1.54307004733283,0.122813781222677,0.240770520250107
"map05168",155.419697930875,-0.927978832640394,0.601384774621471,-1.54307004733283,0.122813781222677,0.240770520250107
"ko04066",755.86075657976,0.199939737474508,0.129921040268706,1.53893270143918,0.123820726735302,0.241380854927807
"map04066",755.86075657976,0.199939737474508,0.129921040268706,1.53893270143918,0.123820726735302,0.241380854927807
"ko00190",6448.52829402832,0.14813172516729,0.0972907013910747,1.52256816992049,0.127866778234568,0.247875821493828
"map00190",6448.52829402832,0.14813172516729,0.0972907013910747,1.52256816992049,0.127866778234568,0.247875821493828
"ko04919",27.9701808640806,0.768643510023166,0.510534531941632,1.50556615063806,0.132178583401818,0.253877898472587
"map04919",27.9701808640806,0.768643510023166,0.510534531941632,1.50556615063806,0.132178583401818,0.253877898472587
"ko03010",10544.7232661605,0.236806748460875,0.157439495380157,1.50411272526678,0.132552344293603,0.253877898472587
"map03010",10544.7232661605,0.236806748460875,0.157439495380157,1.50411272526678,0.132552344293603,0.253877898472587
"ko04013",244.470928082038,-0.244963419538265,0.163117033008771,-1.50176480665323,0.133157860293979,0.253877898472587
"map04013",244.470928082038,-0.244963419538265,0.163117033008771,-1.50176480665323,0.133157860293979,0.253877898472587
"ko00623",160.491881002851,0.587427473816532,0.39200267315541,1.49852925514017,0.133995797622919,0.254079463252202
"map00623",160.491881002851,0.587427473816532,0.39200267315541,1.49852925514017,0.133995797622919,0.254079463252202
"ko00903",315.910837374976,0.212827055117095,0.142786039352584,1.49053125979325,0.136084603430512,0.25663781190428
"map00903",315.910837374976,0.212827055117095,0.142786039352584,1.49053125979325,0.136084603430512,0.25663781190428
"ko00965",51.3677725238321,-0.524316831671187,0.355779818343288,-1.4737115615852,0.140559268602302,0.263643601108102
"map00965",51.3677725238321,-0.524316831671187,0.355779818343288,-1.4737115615852,0.140559268602302,0.263643601108102
"ko00960",255.08287779073,-0.515518706469671,0.352535094318308,-1.46231882946724,0.143653861015495,0.26799940737837
"map00960",255.08287779073,-0.515518706469671,0.352535094318308,-1.46231882946724,0.143653861015495,0.26799940737837
"ko00363",3.34573868837463,1.61647293081806,1.11398390831953,1.45107386089315,0.146759294233412,0.271460180734217
"map00363",3.34573868837463,1.61647293081806,1.11398390831953,1.45107386089315,0.146759294233412,0.271460180734217
"ko00331",4.84072862243838,-1.18430187591097,0.817054971254084,-1.44947637255448,0.147204594002631,0.271460180734217
"map00331",4.84072862243838,-1.18430187591097,0.817054971254084,-1.44947637255448,0.147204594002631,0.271460180734217
"ko00740",246.448875445395,-0.274797270847888,0.189889017981695,-1.44714672690749,0.147855833310568,0.271460180734217
"map00740",246.448875445395,-0.274797270847888,0.189889017981695,-1.44714672690749,0.147855833310568,0.271460180734217
"ko01230",9145.95161257824,0.0660022871775102,0.0465270754827584,1.41857803209593,0.156022074184663,0.284945577589884
"map01230",9145.95161257824,0.0660022871775102,0.0465270754827584,1.41857803209593,0.156022074184663,0.284945577589884
"ko00350",905.570482186388,0.248203807357492,0.175914997062323,1.41093034421368,0.158265153791461,0.287528839610665
"map00350",905.570482186388,0.248203807357492,0.175914997062323,1.41093034421368,0.158265153791461,0.287528839610665
"ko00460",483.083887225661,0.163909295060205,0.117370510803483,1.39651172971926,0.162560450879216,0.293794148203583
"map00460",483.083887225661,0.163909295060205,0.117370510803483,1.39651172971926,0.162560450879216,0.293794148203583
"ko04910",473.34991688879,0.283094096033357,0.204177841710037,1.38650743715566,0.165592010910297,0.297722423761001
"map04910",473.34991688879,0.283094096033357,0.204177841710037,1.38650743715566,0.165592010910297,0.297722423761001
"ko04068",601.494857859507,0.196174506948049,0.143299128676362,1.3689860417163,0.171003638132153,0.305848145491626
"map04068",601.494857859507,0.196174506948049,0.143299128676362,1.3689860417163,0.171003638132153,0.305848145491626
"ko00633",1641.71000483401,-0.97054102863591,0.710391431465148,-1.36620598961085,0.171874318071663,0.305848145491626
"map00633",1641.71000483401,-0.97054102863591,0.710391431465148,-1.36620598961085,0.171874318071663,0.305848145491626
"ko04072",13.0845164199993,-0.774814185535514,0.568650768780138,-1.36254838307462,0.173024885867369,0.306324670387638
"map04072",13.0845164199993,-0.774814185535514,0.568650768780138,-1.36254838307462,0.173024885867369,0.306324670387638
"ko05203",132.625013257462,0.361499512671629,0.269947141134633,1.33914925400649,0.180522088733393,0.317975455789277
"map05203",132.625013257462,0.361499512671629,0.269947141134633,1.33914925400649,0.180522088733393,0.317975455789277
"ko00281",323.276907782923,-0.231710762302239,0.174565967017889,-1.32735358592831,0.184391745579125,0.323151190484628
"map00281",323.276907782923,-0.231710762302239,0.174565967017889,-1.32735358592831,0.184391745579125,0.323151190484628
"ko05418",553.594791542873,-0.223211739691044,0.168990198011426,-1.32085613436557,0.186549338398489,0.325289549870731
"map05418",553.594791542873,-0.223211739691044,0.168990198011426,-1.32085613436557,0.186549338398489,0.325289549870731
"ko00290",1416.41014887486,0.19117464119615,0.145397603076504,1.31484039042625,0.18856354980922,0.327157758918996
"map00290",1416.41014887486,0.19117464119615,0.145397603076504,1.31484039042625,0.18856354980922,0.327157758918996
"ko02060",611.318384796736,0.978947169358977,0.77474277309281,1.26357702628315,0.206381883754495,0.356291112750298
"map02060",611.318384796736,0.978947169358977,0.77474277309281,1.26357702628315,0.206381883754495,0.356291112750298
"ko00780",826.781389737647,-0.149318282365454,0.120472251969389,-1.23944128149439,0.215182121504142,0.369644535455136
"map00780",826.781389737647,-0.149318282365454,0.120472251969389,-1.23944128149439,0.215182121504142,0.369644535455136
"ko01055",151.794070386528,-0.311140190680361,0.252149392459716,-1.23395177614822,0.217220874430825,0.371308588312789
"map01055",151.794070386528,-0.311140190680361,0.252149392459716,-1.23395177614822,0.217220874430825,0.371308588312789
"ko05165",138.439358389937,-0.404010689004277,0.329896056949521,-1.22466055744976,0.220703140977644,0.375411715290405
"map05165",138.439358389937,-0.404010689004277,0.329896056949521,-1.22466055744976,0.220703140977644,0.375411715290405
"ko01110",21342.0543903142,0.0521973902915263,0.0427934601825971,1.21975157112333,0.222559065155415,0.376721929799654
"map01110",21342.0543903142,0.0521973902915263,0.0427934601825971,1.21975157112333,0.222559065155415,0.376721929799654
"ko03320",989.895575987572,0.129673441801677,0.107743515246484,1.20353825012135,0.22876809877999,0.385352088721634
"map03320",989.895575987572,0.129673441801677,0.107743515246484,1.20353825012135,0.22876809877999,0.385352088721634
"ko00472",23.586989756622,-0.672903012424948,0.563078077296721,-1.19504388388815,0.232069884934596,0.38902536266814
"map00472",23.586989756622,-0.672903012424948,0.563078077296721,-1.19504388388815,0.232069884934596,0.38902536266814
"ko04070",78.4539964241345,-0.310467745429869,0.260849046253453,-1.1902199754574,0.233959943988947,0.390308175789253
"map04070",78.4539964241345,-0.310467745429869,0.260849046253453,-1.1902199754574,0.233959943988947,0.390308175789253
"ko04624",0.907294232012471,4.08624742779798,3.45413806862414,1.1830006058286,0.236808907314262,0.393063417044164
"map04624",0.907294232012471,4.08624742779798,3.45413806862414,1.1830006058286,0.236808907314262,0.393063417044164
"ko04934",56.1299073728532,0.346162247614332,0.293989280843237,1.17746554099336,0.239009743505241,0.393063417044164
"ko05211",56.1299073728532,0.346162247614332,0.293989280843237,1.17746554099336,0.239009743505241,0.393063417044164
"map04934",56.1299073728532,0.346162247614332,0.293989280843237,1.17746554099336,0.239009743505241,0.393063417044164
"map05211",56.1299073728532,0.346162247614332,0.293989280843237,1.17746554099336,0.239009743505241,0.393063417044164
"ko04016",371.340622197784,-0.265181879678535,0.22606190813296,-1.1730498157282,0.240775829411155,0.394100060404107
"map04016",371.340622197784,-0.265181879678535,0.22606190813296,-1.1730498157282,0.240775829411155,0.394100060404107
"ko05322",42.7078202159519,-0.807866819967221,0.69341492680027,-1.16505542171566,0.243996559787349,0.397496742939954
"map05322",42.7078202159519,-0.807866819967221,0.69341492680027,-1.16505542171566,0.243996559787349,0.397496742939954
"ko04913",34.3308445868743,-0.876161095217753,0.75437938614365,-1.16143297564988,0.24546586524886,0.398021753464273
"map04913",34.3308445868743,-0.876161095217753,0.75437938614365,-1.16143297564988,0.24546586524886,0.398021753464273
"ko00642",349.64342894746,0.485496093056394,0.423303001815757,1.14692334090205,0.251413305067227,0.405769380736407
"map00642",349.64342894746,0.485496093056394,0.423303001815757,1.14692334090205,0.251413305067227,0.405769380736407
"ko00710",2140.76282972586,-0.229547502392842,0.204510662287128,-1.12242315303132,0.261682564729878,0.415785504326365
"map00710",2140.76282972586,-0.229547502392842,0.204510662287128,-1.12242315303132,0.261682564729878,0.415785504326365
"ko04014",5.0085128361627,-1.06099821202393,0.952836288034863,-1.1135157480328,0.265486988654548,0.415785504326365
"map04014",5.0085128361627,-1.06099821202393,0.952836288034863,-1.1135157480328,0.265486988654548,0.415785504326365
"ko04064",34.1681178486127,-0.86519530472396,0.777839707995608,-1.11230539638232,0.266006864439346,0.415785504326365
"ko04370",34.1681178486127,-0.86519530472396,0.777839707995608,-1.11230539638232,0.266006864439346,0.415785504326365
"ko04668",34.1681178486127,-0.86519530472396,0.777839707995608,-1.11230539638232,0.266006864439346,0.415785504326365
"ko04923",34.1681178486127,-0.86519530472396,0.777839707995608,-1.11230539638232,0.266006864439346,0.415785504326365
"ko05140",34.1681178486127,-0.86519530472396,0.777839707995608,-1.11230539638232,0.266006864439346,0.415785504326365
"map04064",34.1681178486127,-0.86519530472396,0.777839707995608,-1.11230539638232,0.266006864439346,0.415785504326365
"map04370",34.1681178486127,-0.86519530472396,0.777839707995608,-1.11230539638232,0.266006864439346,0.415785504326365
"map04668",34.1681178486127,-0.86519530472396,0.777839707995608,-1.11230539638232,0.266006864439346,0.415785504326365
"map04923",34.1681178486127,-0.86519530472396,0.777839707995608,-1.11230539638232,0.266006864439346,0.415785504326365
"map05140",34.1681178486127,-0.86519530472396,0.777839707995608,-1.11230539638232,0.266006864439346,0.415785504326365
"ko04140",7.64872054502346,-1.10743474736453,1.00953574419206,-1.09697428123343,0.272652635027092,0.424262171992829
"map04140",7.64872054502346,-1.10743474736453,1.00953574419206,-1.09697428123343,0.272652635027092,0.424262171992829
"ko00604",16.7351452722165,-0.777369176564441,0.718699969009872,-1.08163240584996,0.279415899156712,0.432845165211513
"map00604",16.7351452722165,-0.777369176564441,0.718699969009872,-1.08163240584996,0.279415899156712,0.432845165211513
"ko00440",65.0893478454429,0.367823907573386,0.342605656379319,1.07360722371188,0.282998758613661,0.436446974395291
"map00440",65.0893478454429,0.367823907573386,0.342605656379319,1.07360722371188,0.282998758613661,0.436446974395291
"ko04211",364.789368732289,-0.140498482028306,0.132563666402893,-1.05985663976204,0.289209824484612,0.444052252637878
"map04211",364.789368732289,-0.140498482028306,0.132563666402893,-1.05985663976204,0.289209824484612,0.444052252637878
"ko04213",810.527055193316,-0.156126796070016,0.148438223946756,-1.05179644379212,0.29289295098867,0.445241264441932
"map04213",810.527055193316,-0.156126796070016,0.148438223946756,-1.05179644379212,0.29289295098867,0.445241264441932
"ko04666",4.89621714249008,-1.02166341698403,0.973430323441093,-1.04954961067212,0.293925234641481,0.445241264441932
"ko04912",4.89621714249008,-1.02166341698403,0.973430323441093,-1.04954961067212,0.293925234641481,0.445241264441932
"map04666",4.89621714249008,-1.02166341698403,0.973430323441093,-1.04954961067212,0.293925234641481,0.445241264441932
"map04912",4.89621714249008,-1.02166341698403,0.973430323441093,-1.04954961067212,0.293925234641481,0.445241264441932
"ko05219",10.5971151413283,-0.604300152583544,0.577193471702619,-1.04696290275246,0.295116688246814,0.445241264441932
"map05219",10.5971151413283,-0.604300152583544,0.577193471702619,-1.04696290275246,0.295116688246814,0.445241264441932
"ko05231",14.9638179771638,-0.460853964571867,0.444512003130294,-1.03676382488322,0.299845938563946,0.450417925028958
"map05231",14.9638179771638,-0.460853964571867,0.444512003130294,-1.03676382488322,0.299845938563946,0.450417925028958
"ko00524",68.4845263540194,-0.286380294228424,0.277327160431081,-1.03264423788594,0.301770417783738,0.451354892116194
"map00524",68.4845263540194,-0.286380294228424,0.277327160431081,-1.03264423788594,0.301770417783738,0.451354892116194
"ko04930",103.516740232394,-0.252813565032427,0.257350697774352,-0.982369844802586,0.325917676720769,0.485379544300888
"map04930",103.516740232394,-0.252813565032427,0.257350697774352,-0.982369844802586,0.325917676720769,0.485379544300888
"ko00500",2276.23222694014,0.15771472702804,0.161215561301054,0.978284762061671,0.327933504243321,0.486294555437745
"map00500",2276.23222694014,0.15771472702804,0.161215561301054,0.978284762061671,0.327933504243321,0.486294555437745
"ko04961",0.81454411354342,-2.41247499196572,2.55156053082456,-0.945490010063023,0.344408768603588,0.50855252215083
"map04961",0.81454411354342,-2.41247499196572,2.55156053082456,-0.945490010063023,0.344408768603588,0.50855252215083
"ko04550",2.79955370082612,1.06943500449204,1.15054723432419,0.929501173517842,0.35262941734144,0.518484778887626
"map04550",2.79955370082612,1.06943500449204,1.15054723432419,0.929501173517842,0.35262941734144,0.518484778887626
"ko04940",2501.62685500422,0.134032661028657,0.145625811545692,0.920390826365302,0.357368560796122,0.523235825300651
"map04940",2501.62685500422,0.134032661028657,0.145625811545692,0.920390826365302,0.357368560796122,0.523235825300651
"ko00073",1.44527131338758,-1.73607954173078,1.93217521050629,-0.898510410593598,0.368913497545803,0.537869679194931
"map00073",1.44527131338758,-1.73607954173078,1.93217521050629,-0.898510410593598,0.368913497545803,0.537869679194931
"ko00521",680.256740515277,-0.152326750415643,0.171327389285397,-0.889097482025463,0.373950692052253,0.542429963759157
"map00521",680.256740515277,-0.152326750415643,0.171327389285397,-0.889097482025463,0.373950692052253,0.542429963759157
"ko00121",7.12272907058052,0.624363612092175,0.704097468016574,0.886757360243025,0.375209548865773,0.542429963759157
"map00121",7.12272907058052,0.624363612092175,0.704097468016574,0.886757360243025,0.375209548865773,0.542429963759157
"ko05161",99.1519164539993,0.365859255342289,0.413898018217619,0.883935750448382,0.376730897020048,0.542429963759157
"map05161",99.1519164539993,0.365859255342289,0.413898018217619,0.883935750448382,0.376730897020048,0.542429963759157
"ko00361",195.699761574323,0.217302070461929,0.24856317027672,0.874232776400509,0.381991499848393,0.547085160145723
"map00361",195.699761574323,0.217302070461929,0.24856317027672,0.874232776400509,0.381991499848393,0.547085160145723
"ko04726",65.6464262085055,-0.438747652673308,0.503987490323016,-0.870552664694328,0.383998451720992,0.547085160145723
"map04726",65.6464262085055,-0.438747652673308,0.503987490323016,-0.870552664694328,0.383998451720992,0.547085160145723
"ko04621",723.212877967373,-0.288179098631273,0.33151462242394,-0.869280204065177,0.384693887825811,0.547085160145723
"map04621",723.212877967373,-0.288179098631273,0.33151462242394,-0.869280204065177,0.384693887825811,0.547085160145723
"ko03008",71.5493105985533,0.202900191567016,0.238197106352782,0.851816357779387,0.394316025926113,0.558480248964739
"map03008",71.5493105985533,0.202900191567016,0.238197106352782,0.851816357779387,0.394316025926113,0.558480248964739
"ko00360",1121.86514898406,0.161628262410181,0.192763041967575,0.838481592531461,0.401760281630477,0.566710641161689
"map00360",1121.86514898406,0.161628262410181,0.192763041967575,0.838481592531461,0.401760281630477,0.566710641161689
"ko04921",60.2150472589582,0.591557235888167,0.710678833152505,0.832383361221094,0.405192590750907,0.569238174050869
"map04921",60.2150472589582,0.591557235888167,0.710678833152505,0.832383361221094,0.405192590750907,0.569238174050869
"ko02010",6215.39617441801,-0.11260050720534,0.135786986141214,-0.829243732446045,0.40696650317046,0.569424905645764
"map02010",6215.39617441801,-0.11260050720534,0.135786986141214,-0.829243732446045,0.40696650317046,0.569424905645764
"ko04725",0.346435350105279,2.898615908336,3.51357328813818,0.824976646458954,0.409384849400648,0.570508203783232
"map04725",0.346435350105279,2.898615908336,3.51357328813818,0.824976646458954,0.409384849400648,0.570508203783232
"ko01059",60.9428131839845,0.352475691250926,0.433115840838427,0.813813899229829,0.415751571346114,0.577063181028406
"map01059",60.9428131839845,0.352475691250926,0.433115840838427,0.813813899229829,0.415751571346114,0.577063181028406
"ko00900",1144.92299850251,0.0712726179229038,0.0881656167965575,0.808394706605022,0.418863398228667,0.579066132212539
"map00900",1144.92299850251,0.0712726179229038,0.0881656167965575,0.808394706605022,0.418863398228667,0.579066132212539
"ko01040",526.605964431499,0.104466862751625,0.131321003695357,0.795507647763417,0.426318264051671,0.584871934670644
"map01040",526.605964431499,0.104466862751625,0.131321003695357,0.795507647763417,0.426318264051671,0.584871934670644
"ko05169",89.8131039485145,-1.05632995293448,1.32820132314774,-0.795308613630236,0.426434004241132,0.584871934670644
"map05169",89.8131039485145,-1.05632995293448,1.32820132314774,-0.795308613630236,0.426434004241132,0.584871934670644
"ko00562",681.131521770423,0.142544801683257,0.180244329259257,0.790842087898508,0.429036146231059,0.586124184024321
"map00562",681.131521770423,0.142544801683257,0.180244329259257,0.790842087898508,0.429036146231059,0.586124184024321
"ko04210",121.277559819734,0.300243033672618,0.385869121104708,0.778095518016702,0.436512704777586,0.587817027827108
"map04210",121.277559819734,0.300243033672618,0.385869121104708,0.778095518016702,0.436512704777586,0.587817027827108
"ko04659",64.1500211011191,0.270906334262225,0.349866361330439,0.774313750061732,0.438745274372395,0.587817027827108
"ko04914",64.1500211011191,0.270906334262225,0.349866361330439,0.774313750061732,0.438745274372395,0.587817027827108
"ko04915",64.1500211011191,0.270906334262225,0.349866361330439,0.774313750061732,0.438745274372395,0.587817027827108
"ko05215",64.1500211011191,0.270906334262225,0.349866361330439,0.774313750061732,0.438745274372395,0.587817027827108
"map04659",64.1500211011191,0.270906334262225,0.349866361330439,0.774313750061732,0.438745274372395,0.587817027827108
"map04914",64.1500211011191,0.270906334262225,0.349866361330439,0.774313750061732,0.438745274372395,0.587817027827108
"map04915",64.1500211011191,0.270906334262225,0.349866361330439,0.774313750061732,0.438745274372395,0.587817027827108
"map05215",64.1500211011191,0.270906334262225,0.349866361330439,0.774313750061732,0.438745274372395,0.587817027827108
"ko00052",1068.72845180838,-0.139536539958469,0.182068326093239,-0.766396566347359,0.443440375264173,0.591822346987185
"map00052",1068.72845180838,-0.139536539958469,0.182068326093239,-0.766396566347359,0.443440375264173,0.591822346987185
"ko05016",669.657861954334,-0.166203696514284,0.221981045297589,-0.748729227270152,0.454020423858781,0.603621023291176
"map05016",669.657861954334,-0.166203696514284,0.221981045297589,-0.748729227270152,0.454020423858781,0.603621023291176
"ko00513",29.0962365673948,0.362934976218373,0.492687600069392,0.736643211981093,0.461339349381531,0.611010512348821
"map00513",29.0962365673948,0.362934976218373,0.492687600069392,0.736643211981093,0.461339349381531,0.611010512348821
"ko00785",143.330692872543,-0.162628758278614,0.225169381409645,-0.722250766336422,0.470140316495797,0.620299200851869
"map00785",143.330692872543,-0.162628758278614,0.225169381409645,-0.722250766336422,0.470140316495797,0.620299200851869
"ko05145",97.6653742033385,0.308199578895988,0.43082016183523,0.715378726898723,0.474375053814658,0.62351569573366
"map05145",97.6653742033385,0.308199578895988,0.43082016183523,0.715378726898723,0.474375053814658,0.62351569573366
"ko05014",273.916121850809,-0.139150337567572,0.19651317247655,-0.708096743917649,0.478885181513729,0.62706852069911
"map05014",273.916121850809,-0.139150337567572,0.19651317247655,-0.708096743917649,0.478885181513729,0.62706852069911
"ko00944",10.2598077304427,0.512410601328789,0.730506626587998,0.701445521065459,0.483025022054398,0.62995156316018
"map00944",10.2598077304427,0.512410601328789,0.730506626587998,0.701445521065459,0.483025022054398,0.62995156316018
"ko01524",386.576592922575,-0.227657328706036,0.32621792111844,-0.697868859949546,0.485259210385265,0.62995156316018
"map01524",386.576592922575,-0.227657328706036,0.32621792111844,-0.697868859949546,0.485259210385265,0.62995156316018
"ko02030",1100.95835421989,0.180268487910371,0.259068476285992,0.695833358402771,0.486533195754837,0.62995156316018
"map02030",1100.95835421989,0.180268487910371,0.259068476285992,0.695833358402771,0.486533195754837,0.62995156316018
"ko00195",1948.46341130648,-0.0759324175582869,0.111834121965815,-0.678973610411121,0.497154582970092,0.641310930448409
"map00195",1948.46341130648,-0.0759324175582869,0.111834121965815,-0.678973610411121,0.497154582970092,0.641310930448409
"ko04138",32.4626891197879,-0.357295837040966,0.546081268978158,-0.654290592514823,0.512924605606886,0.659203104242924
"map04138",32.4626891197879,-0.357295837040966,0.546081268978158,-0.654290592514823,0.512924605606886,0.659203104242924
"ko04962",16.0565112922958,-0.487222759088579,0.767376090034039,-0.634920432648568,0.525480310144206,0.672847481992765
"map04962",16.0565112922958,-0.487222759088579,0.767376090034039,-0.634920432648568,0.525480310144206,0.672847481992765
"ko04380",2.51307562869032,-1.26090502442885,2.04468149948962,-0.616675518775705,0.537448771927761,0.678349878515718
"map04380",2.51307562869032,-1.26090502442885,2.04468149948962,-0.616675518775705,0.537448771927761,0.678349878515718
"ko01521",0.173217675052639,2.17842024612031,3.5338115409304,0.61645060040377,0.53759716597067,0.678349878515718
"ko04150",0.173217675052639,2.17842024612031,3.5338115409304,0.61645060040377,0.53759716597067,0.678349878515718
"ko04371",0.173217675052639,2.17842024612031,3.5338115409304,0.61645060040377,0.53759716597067,0.678349878515718
"map01521",0.173217675052639,2.17842024612031,3.5338115409304,0.61645060040377,0.53759716597067,0.678349878515718
"map04150",0.173217675052639,2.17842024612031,3.5338115409304,0.61645060040377,0.53759716597067,0.678349878515718
"map04371",0.173217675052639,2.17842024612031,3.5338115409304,0.61645060040377,0.53759716597067,0.678349878515718
"ko04973",30.6297488666012,-0.239850437316447,0.400532618755126,-0.59882872476632,0.549287105122712,0.690589222744859
"map04973",30.6297488666012,-0.239850437316447,0.400532618755126,-0.59882872476632,0.549287105122712,0.690589222744859
"ko00920",1639.84936809063,-0.103485173787152,0.176369237445124,-0.586752969430683,0.557369627211516,0.698221157553776
"map00920",1639.84936809063,-0.103485173787152,0.176369237445124,-0.586752969430683,0.557369627211516,0.698221157553776
"ko05200",365.120578512493,0.137520808591695,0.239116455271079,0.575120639170534,0.565209710357095,0.705495573719108
"map05200",365.120578512493,0.137520808591695,0.239116455271079,0.575120639170534,0.565209710357095,0.705495573719108
"ko04113",185.435510584995,-0.23813470803377,0.417021403138445,-0.571037136803054,0.567974469490265,0.706405522986101
"map04113",185.435510584995,-0.23813470803377,0.417021403138445,-0.571037136803054,0.567974469490265,0.706405522986101
"ko01212",2827.18216806963,-0.0563830964497172,0.101544545141674,-0.555254803407233,0.578720388370171,0.707370083780616
"map01212",2827.18216806963,-0.0563830964497172,0.101544545141674,-0.555254803407233,0.578720388370171,0.707370083780616
"ko04115",93.4930755622689,0.252344971469189,0.45473312313131,0.554929822862983,0.578942662229668,0.707370083780616
"ko04215",93.4930755622689,0.252344971469189,0.45473312313131,0.554929822862983,0.578942662229668,0.707370083780616
"ko05210",93.4930755622689,0.252344971469189,0.45473312313131,0.554929822862983,0.578942662229668,0.707370083780616
"ko05416",93.4930755622689,0.252344971469189,0.45473312313131,0.554929822862983,0.578942662229668,0.707370083780616
"map04115",93.4930755622689,0.252344971469189,0.45473312313131,0.554929822862983,0.578942662229668,0.707370083780616
"map04215",93.4930755622689,0.252344971469189,0.45473312313131,0.554929822862983,0.578942662229668,0.707370083780616
"map05210",93.4930755622689,0.252344971469189,0.45473312313131,0.554929822862983,0.578942662229668,0.707370083780616
"map05416",93.4930755622689,0.252344971469189,0.45473312313131,0.554929822862983,0.578942662229668,0.707370083780616
"ko00404",24.0125129248453,0.233723871870332,0.426768936313542,0.547659053841299,0.583926032390899,0.710955555226814
"map00404",24.0125129248453,0.233723871870332,0.426768936313542,0.547659053841299,0.583926032390899,0.710955555226814
"ko04721",15.5568974730163,-0.408507925846774,0.75590631001477,-0.540421372906374,0.588906471571683,0.714512397326483
"map04721",15.5568974730163,-0.408507925846774,0.75590631001477,-0.540421372906374,0.588906471571683,0.714512397326483
"ko02040",836.691403185677,-0.291037695414504,0.544235448737629,-0.534764312191671,0.592812843767279,0.716745842464272
"map02040",836.691403185677,-0.291037695414504,0.544235448737629,-0.534764312191671,0.592812843767279,0.716745842464272
"ko00563",6.54862811107759,0.486682709153202,0.924449064621062,0.526457030223397,0.598570699950498,0.721194558620912
"map00563",6.54862811107759,0.486682709153202,0.924449064621062,0.526457030223397,0.598570699950498,0.721194558620912
"ko04214",273.788542039444,0.194252034045827,0.375366838584811,0.517499187669819,0.604807735849348,0.726187835085549
"map04214",273.788542039444,0.194252034045827,0.375366838584811,0.517499187669819,0.604807735849348,0.726187835085549
"ko00565",52.7444911915243,0.129686683596057,0.263100147763951,0.492917562754124,0.622070837208209,0.744339932797409
"map00565",52.7444911915243,0.129686683596057,0.263100147763951,0.492917562754124,0.622070837208209,0.744339932797409
"ko00330",1216.3821828786,0.0519571937679874,0.107129292952608,0.484995208462471,0.627679744402968,0.748470348136873
"map00330",1216.3821828786,0.0519571937679874,0.107129292952608,0.484995208462471,0.627679744402968,0.748470348136873
"ko05225",116.904466441173,0.165171157666732,0.346929884716669,0.476093772670013,0.634007573313966,0.753426808013515
"map05225",116.904466441173,0.165171157666732,0.346929884716669,0.476093772670013,0.634007573313966,0.753426808013515
"ko02020",6843.71772370741,0.101492066554799,0.22078446301494,0.459688445322948,0.645739864419916,0.764749941821539
"map02020",6843.71772370741,0.101492066554799,0.22078446301494,0.459688445322948,0.645739864419916,0.764749941821539
"ko04611",0.8453053338211,-1.0217959916578,2.624712089215,-0.389298314225162,0.697055483200614,0.817156259022341
"ko04926",0.8453053338211,-1.0217959916578,2.624712089215,-0.389298314225162,0.697055483200614,0.817156259022341
"ko04933",0.8453053338211,-1.0217959916578,2.624712089215,-0.389298314225162,0.697055483200614,0.817156259022341
"map04611",0.8453053338211,-1.0217959916578,2.624712089215,-0.389298314225162,0.697055483200614,0.817156259022341
"map04926",0.8453053338211,-1.0217959916578,2.624712089215,-0.389298314225162,0.697055483200614,0.817156259022341
"map04933",0.8453053338211,-1.0217959916578,2.624712089215,-0.389298314225162,0.697055483200614,0.817156259022341
"ko03420",798.504376696788,-0.0419131164429684,0.113314224287952,-0.369883981524329,0.711468937230393,0.831244852589045
"map03420",798.504376696788,-0.0419131164429684,0.113314224287952,-0.369883981524329,0.711468937230393,0.831244852589045
"ko03015",26.0240937292213,-0.193202297152754,0.541717132768209,-0.356647935732581,0.721355386731397,0.839967514079848
"map03015",26.0240937292213,-0.193202297152754,0.541717132768209,-0.356647935732581,0.721355386731397,0.839967514079848
"ko00591",43.3291192324114,-0.275684344810265,0.788061416372456,-0.349825964173292,0.726469312154072,0.84309314821894
"map00591",43.3291192324114,-0.275684344810265,0.788061416372456,-0.349825964173292,0.726469312154072,0.84309314821894
"ko04011",121.225734882263,0.0977021350641329,0.282439201918789,0.345922713279106,0.729400798501239,0.843673590266434
"map04011",121.225734882263,0.0977021350641329,0.282439201918789,0.345922713279106,0.729400798501239,0.843673590266434
"ko03013",105.579355539394,-0.113176899020893,0.339344877191818,-0.333515861378152,0.738744918509838,0.851642813032937
"map03013",105.579355539394,-0.113176899020893,0.339344877191818,-0.333515861378152,0.738744918509838,0.851642813032937
"ko04714",644.590002504628,-0.0565330602006055,0.181946448873975,-0.310712633032828,0.756019092536595,0.868670944073505
"map04714",644.590002504628,-0.0565330602006055,0.181946448873975,-0.310712633032828,0.756019092536595,0.868670944073505
"ko05164",112.876010088294,-0.129148168347035,0.425090676463284,-0.303813222678832,0.761270192386026,0.871128342340782
"map05164",112.876010088294,-0.129148168347035,0.425090676463284,-0.303813222678832,0.761270192386026,0.871128342340782
"ko00984",70.1961331311682,-0.0808153477544635,0.268214000206047,-0.301309207171809,0.763178720667429,0.871128342340782
"map00984",70.1961331311682,-0.0808153477544635,0.268214000206047,-0.301309207171809,0.763178720667429,0.871128342340782
"ko04024",9.20455567935371,-0.251261735149483,0.844846245981582,-0.297405280954472,0.766157112372591,0.871660714732095
"map04024",9.20455567935371,-0.251261735149483,0.844846245981582,-0.297405280954472,0.766157112372591,0.871660714732095
"ko00770",1223.68333100576,0.0407995031091105,0.143642593743331,0.284034853770556,0.776383670669479,0.880408933733036
"map00770",1223.68333100576,0.0407995031091105,0.143642593743331,0.284034853770556,0.776383670669479,0.880408933733036
"ko04657",98.3181389497318,-0.117897864001577,0.428199973075876,-0.275333655802649,0.783059909715675,0.884866398141012
"map04657",98.3181389497318,-0.117897864001577,0.428199973075876,-0.275333655802649,0.783059909715675,0.884866398141012
"ko04310",0.27499018646582,0.936491600791229,3.52538487888794,0.265642371815766,0.790514649636063,0.884866398141012
"ko04330",0.27499018646582,0.936491600791229,3.52538487888794,0.265642371815766,0.790514649636063,0.884866398141012
"ko05220",0.27499018646582,0.936491600791229,3.52538487888794,0.265642371815766,0.790514649636063,0.884866398141012
"map04310",0.27499018646582,0.936491600791229,3.52538487888794,0.265642371815766,0.790514649636063,0.884866398141012
"map04330",0.27499018646582,0.936491600791229,3.52538487888794,0.265642371815766,0.790514649636063,0.884866398141012
"map05220",0.27499018646582,0.936491600791229,3.52538487888794,0.265642371815766,0.790514649636063,0.884866398141012
"ko00430",449.315938371311,0.0330333092752238,0.129443271151911,0.255195260296356,0.798572291644086,0.891011527975878
"map00430",449.315938371311,0.0330333092752238,0.129443271151911,0.255195260296356,0.798572291644086,0.891011527975878
"ko05143",58.0340111108543,-0.0763548801412797,0.307605784768267,-0.24822316068861,0.803961747369939,0.892081048781636
"map05143",58.0340111108543,-0.0763548801412797,0.307605784768267,-0.24822316068861,0.803961747369939,0.892081048781636
"ko04626",637.961528920939,-0.107994130544047,0.436684754711174,-0.247304558675229,0.804672531033579,0.892081048781636
"map04626",637.961528920939,-0.107994130544047,0.436684754711174,-0.247304558675229,0.804672531033579,0.892081048781636
"ko00901",15.8668925404869,0.148690740420943,0.622940617748558,0.238691676517006,0.811344671408557,0.896613378913278
"map00901",15.8668925404869,0.148690740420943,0.622940617748558,0.238691676517006,0.811344671408557,0.896613378913278
"ko00130",385.673709306372,-0.039241116966643,0.167920964118588,-0.233688016101018,0.81522719195619,0.898043922567613
"map00130",385.673709306372,-0.039241116966643,0.167920964118588,-0.233688016101018,0.81522719195619,0.898043922567613
"ko04320",0.254431278532951,-0.79741080774794,3.47266393693855,-0.22962510114092,0.818383100115928,0.898667518165275
"map04320",0.254431278532951,-0.79741080774794,3.47266393693855,-0.22962510114092,0.818383100115928,0.898667518165275
"ko00592",150.043019919388,-0.0563713078380514,0.251722134676331,-0.223942594124806,0.822801971965062,0.900669666472796
"map00592",150.043019919388,-0.0563713078380514,0.251722134676331,-0.223942594124806,0.822801971965062,0.900669666472796
"ko01057",17.6406201364993,-0.116046268820101,0.532370693104934,-0.217980197488495,0.827444540560324,0.902903319416454
"map01057",17.6406201364993,-0.116046268820101,0.532370693104934,-0.217980197488495,0.827444540560324,0.902903319416454
"ko04010",0.112295693672624,0.735747725721041,3.5338115409304,0.208202309941896,0.835071005039171,0.908368773506559
"map04010",0.112295693672624,0.735747725721041,3.5338115409304,0.208202309941896,0.835071005039171,0.908368773506559
"ko00280",2806.0368986267,-0.0147661365827356,0.0745309622486408,-0.198120836458204,0.842950522813141,0.9140744731755
"map00280",2806.0368986267,-0.0147661365827356,0.0745309622486408,-0.198120836458204,0.842950522813141,0.9140744731755
"ko05034",32.0292636459965,-0.0748497773780237,0.390301142454417,-0.191774425530321,0.847918904587763,0.916597694367457
"map05034",32.0292636459965,-0.0748497773780237,0.390301142454417,-0.191774425530321,0.847918904587763,0.916597694367457
"ko00943",5.36567182342821,-0.165320928862878,0.884614995227968,-0.186884610542097,0.85175110562569,0.917880849851288
"map00943",5.36567182342821,-0.165320928862878,0.884614995227968,-0.186884610542097,0.85175110562569,0.917880849851288
"ko04612",69.3187118839021,0.0460664276810954,0.279844691851526,0.164614262919578,0.869247604189101,0.93383566146631
"map04612",69.3187118839021,0.0460664276810954,0.279844691851526,0.164614262919578,0.869247604189101,0.93383566146631
"ko00030",2157.12851276225,0.0183727917877264,0.11635036200376,0.157909193158614,0.87452835386313,0.934280736740263
"map00030",2157.12851276225,0.0183727917877264,0.11635036200376,0.157909193158614,0.87452835386313,0.934280736740263
"ko00601",0.292340199977731,0.551840046807924,3.50928765899879,0.157251300101561,0.875046799540592,0.934280736740263
"map00601",0.292340199977731,0.551840046807924,3.50928765899879,0.157251300101561,0.875046799540592,0.934280736740263
"ko00950",183.74210539944,0.0314506890464555,0.206191431322093,0.152531503587684,0.878767744864961,0.934825702644531
"map00950",183.74210539944,0.0314506890464555,0.206191431322093,0.152531503587684,0.878767744864961,0.934825702644531
"ko00532",0.203545022826361,-0.499040139919839,3.49112417471795,-0.14294539951738,0.88633330308372,0.934825702644531
"ko04510",0.203545022826361,-0.499040139919839,3.49112417471795,-0.14294539951738,0.88633330308372,0.934825702644531
"ko04512",0.203545022826361,-0.499040139919839,3.49112417471795,-0.14294539951738,0.88633330308372,0.934825702644531
"map00532",0.203545022826361,-0.499040139919839,3.49112417471795,-0.14294539951738,0.88633330308372,0.934825702644531
"map04510",0.203545022826361,-0.499040139919839,3.49112417471795,-0.14294539951738,0.88633330308372,0.934825702644531
"map04512",0.203545022826361,-0.499040139919839,3.49112417471795,-0.14294539951738,0.88633330308372,0.934825702644531
"ko02026",1131.20361975437,0.0211502266630019,0.177301739407485,0.119289448223591,0.905046042905267,0.949781181407216
"map02026",1131.20361975437,0.0211502266630019,0.177301739407485,0.119289448223591,0.905046042905267,0.949781181407216
"ko00510",51.1090956630598,0.0330755277837569,0.280060188175523,0.118101498107354,0.905987236443194,0.949781181407216
"map00510",51.1090956630598,0.0330755277837569,0.280060188175523,0.118101498107354,0.905987236443194,0.949781181407216
"ko00051",1911.538202369,0.026774483586577,0.242779386694599,0.110283183226991,0.91218479374729,0.953397962139486
"map00051",1911.538202369,0.026774483586577,0.242779386694599,0.110283183226991,0.91218479374729,0.953397962139486
"ko00621",31.8451306861401,-0.0430408161168578,0.406655295427523,-0.105841031952156,0.915708480821523,0.954206735270476
"map00621",31.8451306861401,-0.0430408161168578,0.406655295427523,-0.105841031952156,0.915708480821523,0.954206735270476
"ko05167",127.661193410882,-0.0395214242163986,0.404427378276725,-0.0977219306586028,0.922153100756311,0.955185450634149
"ko05222",127.661193410882,-0.0395214242163986,0.404427378276725,-0.0977219306586028,0.922153100756311,0.955185450634149
"map05167",127.661193410882,-0.0395214242163986,0.404427378276725,-0.0977219306586028,0.922153100756311,0.955185450634149
"map05222",127.661193410882,-0.0395214242163986,0.404427378276725,-0.0977219306586028,0.922153100756311,0.955185450634149
"ko00590",57.9462517446272,-0.0447066768371043,0.481309343159122,-0.0928855370719953,0.925994495814399,0.956309791808323
"map00590",57.9462517446272,-0.0447066768371043,0.481309343159122,-0.0928855370719953,0.925994495814399,0.956309791808323
"ko01051",329.069868274985,0.0221785315028186,0.254990409483275,0.0869779045720277,0.93068907513316,0.958305961635627
"map01051",329.069868274985,0.0221785315028186,0.254990409483275,0.0869779045720277,0.93068907513316,0.958305961635627
"ko05132",414.835051888486,-0.0449542517764837,0.630255052969457,-0.0713270787194502,0.94313744440833,0.96672475607249
"map05132",414.835051888486,-0.0449542517764837,0.630255052969457,-0.0713270787194502,0.94313744440833,0.96672475607249
"ko04728",31.4783083598928,-0.025072309054153,0.399906626817485,-0.0626954078097732,0.950009054238383,0.96672475607249
"ko05030",31.4783083598928,-0.025072309054153,0.399906626817485,-0.0626954078097732,0.950009054238383,0.96672475607249
"ko05031",31.4783083598928,-0.025072309054153,0.399906626817485,-0.0626954078097732,0.950009054238383,0.96672475607249
"map04728",31.4783083598928,-0.025072309054153,0.399906626817485,-0.0626954078097732,0.950009054238383,0.96672475607249
"map05030",31.4783083598928,-0.025072309054153,0.399906626817485,-0.0626954078097732,0.950009054238383,0.96672475607249
"map05031",31.4783083598928,-0.025072309054153,0.399906626817485,-0.0626954078097732,0.950009054238383,0.96672475607249
"ko00930",204.749327232028,0.00467955621894538,0.141794288340595,0.0330024310126295,0.97367264903104,0.98774175888738
"map00930",204.749327232028,0.00467955621894538,0.141794288340595,0.0330024310126295,0.97367264903104,0.98774175888738
"ko04920",590.936562135625,0.00507673596662959,0.171290925403842,0.0296380906032266,0.976355686738823,0.98774175888738
"map04920",590.936562135625,0.00507673596662959,0.171290925403842,0.0296380906032266,0.976355686738823,0.98774175888738
"ko00902",1.38570586066696,-0.0443820823759384,1.75187467163265,-0.0253340510566185,0.979788513825402,0.988333181097135
"map00902",1.38570586066696,-0.0443820823759384,1.75187467163265,-0.0253340510566185,0.979788513825402,0.988333181097135
"ko00410",977.154121408365,0.00287727099372988,0.163331246543513,0.017616169928412,0.985945056941175,0.991660680459674
"map00410",977.154121408365,0.00287727099372988,0.163331246543513,0.017616169928412,0.985945056941175,0.991660680459674
"ko00333",437.070365121621,0.00171594031910045,0.139377735841626,0.0123114377539485,0.990177142039684,0.993038925687198
"map00333",437.070365121621,0.00171594031910045,0.139377735841626,0.0123114377539485,0.990177142039684,0.993038925687198
"ko04918",39.0841261353204,0.000578951753319473,0.301180174076222,0.00192227710570668,0.998466245720347,0.998466245720347
"map04918",39.0841261353204,0.000578951753319473,0.301180174076222,0.00192227710570668,0.998466245720347,0.998466245720347
"ko00534",0,NA,NA,NA,NA,NA
"ko04015",0,NA,NA,NA,NA,NA
"ko04114",0,NA,NA,NA,NA,NA
"ko04218",0,NA,NA,NA,NA,NA
"ko04261",0,NA,NA,NA,NA,NA
"ko04270",0,NA,NA,NA,NA,NA
"ko04360",0,NA,NA,NA,NA,NA
"ko04620",0,NA,NA,NA,NA,NA
"ko04650",0,NA,NA,NA,NA,NA
"ko04658",0,NA,NA,NA,NA,NA
"ko04660",0,NA,NA,NA,NA,NA
"ko04662",0,NA,NA,NA,NA,NA
"ko04664",0,NA,NA,NA,NA,NA
"ko04713",0,NA,NA,NA,NA,NA
"ko04720",0,NA,NA,NA,NA,NA
"ko04722",0,NA,NA,NA,NA,NA
"ko04740",0,NA,NA,NA,NA,NA
"ko04744",0,NA,NA,NA,NA,NA
"ko04745",0,NA,NA,NA,NA,NA
"ko04750",0,NA,NA,NA,NA,NA
"ko04911",0,NA,NA,NA,NA,NA
"ko04925",0,NA,NA,NA,NA,NA
"ko04960",0,NA,NA,NA,NA,NA
"ko04970",0,NA,NA,NA,NA,NA
"ko04971",0,NA,NA,NA,NA,NA
"ko05130",0,NA,NA,NA,NA,NA
"ko05131",0,NA,NA,NA,NA,NA
"ko05214",0,NA,NA,NA,NA,NA
"map00534",0,NA,NA,NA,NA,NA
"map04015",0,NA,NA,NA,NA,NA
"map04114",0,NA,NA,NA,NA,NA
"map04218",0,NA,NA,NA,NA,NA
"map04261",0,NA,NA,NA,NA,NA
"map04270",0,NA,NA,NA,NA,NA
"map04360",0,NA,NA,NA,NA,NA
"map04620",0,NA,NA,NA,NA,NA
"map04650",0,NA,NA,NA,NA,NA
"map04658",0,NA,NA,NA,NA,NA
"map04660",0,NA,NA,NA,NA,NA
"map04662",0,NA,NA,NA,NA,NA
"map04664",0,NA,NA,NA,NA,NA
"map04713",0,NA,NA,NA,NA,NA
"map04720",0,NA,NA,NA,NA,NA
"map04722",0,NA,NA,NA,NA,NA
"map04740",0,NA,NA,NA,NA,NA
"map04744",0,NA,NA,NA,NA,NA
"map04745",0,NA,NA,NA,NA,NA
"map04750",0,NA,NA,NA,NA,NA
"map04911",0,NA,NA,NA,NA,NA
"map04925",0,NA,NA,NA,NA,NA
"map04960",0,NA,NA,NA,NA,NA
"map04970",0,NA,NA,NA,NA,NA
"map04971",0,NA,NA,NA,NA,NA
"map05130",0,NA,NA,NA,NA,NA
"map05131",0,NA,NA,NA,NA,NA
"map05214",0,NA,NA,NA,NA,NA
